report_id,date,facility_location,report_text,sif_label,risk_level,iogp_rule,activity_type,barrier_failure,why_flagged_explanation,processed_text
OIL-2026-001,2026-01-05,Drilling Rig 8 - Jorhat Asset,"During routine drill pipe connection at Drilling Rig 8, a roughneck was observed standing in the rotary table RED ZONE while the top drive was still energized. Driller had not called out the all-clear. No banksman was positioned to control access. The worker was within 1.5 meters of moving iron. Incident stopped by Tool Pusher intervention.",1,CRITICAL,Line of Fire,Drilling Operations,No Standby Person,"Worker was directly in the line of fire of moving heavy equipment with the top drive energized, representing an immediate fatal risk. Absence of banksman control and failure to call all-clear eliminated both primary and secondary barriers against a struck-by fatality.",routine drill pipe connection drilling rig roughneck observed standing rotary table red zone top drive still energized driller not called clear no banksman positioned control access worker within meter moving iron incident stopped tool pusher intervention
OIL-2026-002,2026-01-07,Tank Farm B - Duliajan,Housekeeping inspection at Tank Farm B identified accumulated oily rags and used absorbent pads piled near the base of TK-102. The pile was within 3 metres of a fixed foam inlet connection. No ignition sources were present at time of observation but the area is a designated non-smoking zone with periodic hot work nearby. Supervisor notified and materials removed same day.,0,LOW,General Safety Observation,Housekeeping,,Accumulated combustible materials near a storage tank present a passive fire escalation risk but no active ignition source was present at time of observation. Risk level is low given prompt remediation and absence of concurrent hot work permits in the immediate area.,housekeeping inspection tank farm b identified accumulated oily rag used absorbent pad piled near base tk pile within metre fixed foam inlet connection no ignition source present time observation area designated non smoking zone periodic hot work nearby supervisor notified material removed day
OIL-2026-003,2026-01-09,Well Pad 04 - Hebron Field,"Gas testing was NOT performed prior to opening a 4-inch manifold flange at Well Pad 04. The permit to work (PTW) had been issued for the adjacent line and the executing technician assumed coverage extended to this flange. LEL readings taken after the flange was cracked showed 18% LEL at the work face. Work stopped immediately, area evacuated, and PTW cancelled. No ignition.",1,CRITICAL,Bypassing Safety Controls,Line Breaching,No Gas Testing,"Opening a pressurized hydrocarbon-containing flange without prior gas testing removed the primary detection barrier against explosive atmosphere ignition. An 18% LEL reading at the work face confirms a genuinely hazardous atmosphere existed, making this a credible SIF scenario.",gas testing not performed prior opening inch manifold flange well pad permit work permit work issued adjacent line executing technician assumed coverage extended flange lower explosive limit flammable reading taken flange cracked showed lower explosive limit flammable work face work stopped immediately area evacuated permit work cancelled no ignition
OIL-2026-004,2026-01-11,Compressor Station 1 - Moran,Technician noted that the relief valve on the high-pressure gas compressor (K-301) discharge header had been gagged with a C-clamp. No Management of Change (MOC) or bypass authorization was in place. Operations Supervisor stated the valve had been 'chattering' and was temporarily silenced. Overpressure protection on a 68 bar gas system was effectively defeated.,1,CRITICAL,Bypassing Safety Controls,Maintenance,LOTO Bypass,Defeating the relief valve on a 68 bar gas compressor discharge without an MOC eliminates the last line of defense against catastrophic overpressure rupture. This is a textbook SIF scenario representing loss of containment potential with explosive energy sufficient to cause mass casualty event.,technician noted relief valve high pressure gas compressor k discharge header gagged c clamp no management change management change bypass authorization place operation supervisor stated valve chattering temporarily silenced overpressure protection bar gas system effectively defeated
OIL-2026-005,2026-01-13,Pump Station 2 - Pipeline Sector,Worker observed carrying out angle grinding on a structural support bracket at Pump Station 2 without a fire watch posted. Hot work permit was valid but the fire watch person had stepped away to collect additional PPE approx 10 minutes prior. Area contains hydrocarbon transfer lines. Sparks observed landing on oily insulation wrap on a nearby 10-inch crude transfer line.,1,HIGH,Hot Work,Hot Work,No Fire Watch,An active hot work operation without a fire watch directly adjacent to hydrocarbon-insulated pipework creates credible ignition risk. Sparks contacting oily insulation represents a realistic ignition pathway that could lead to fire or explosion with potential for fatality.,worker observed carrying angle grinding structural support bracket pump station without fire watch posted hot work permit valid fire watch person stepped away collect additional personal protective equipment approx minute prior area contains hydrocarbon transfer line spark observed landing oily insulation wrap nearby inch crude transfer line
OIL-2026-006,2026-01-15,Central Processing Facility - Duliajan,PTW system audit found three work orders executed in the previous week where the isolating authority signature was missing from the energy isolation section. Work included partial de-pressurization of Separator V-201 for instrument replacement. Retrospective review confirmed isolations were physically performed but documentation was incomplete. No injuries occurred.,0,MEDIUM,Energy Isolation,Maintenance,,"Documentation gaps in the PTW energy isolation section indicate a procedural compliance failure but physical isolations were confirmed completed. Rated non-SIF as the actual energy control was in place; however, the systemic paperwork failure warrants corrective action to prevent future scenarios where isolation is both undocumented and unperformed.",permit work system audit found three work order executed previous week isolating authority signature missing energy isolation section work included partial de pressurization separator v instrument replacement retrospective review confirmed isolation physically performed documentation incomplete no injury occurred
OIL-2026-007,2026-01-18,Drilling Rig 8 - Jorhat Asset,H2S alarm activated at the shale shaker area during drilling operations at 2340 hrs. Two roughnecks were present without SCBA. Portable H2S monitor (personal) of one worker showed 18 ppm. Workers self-evacuated to muster point. Investigation found the H2S moniter calibration was 6 weeks overdue. Maximum reading on fixed detector was 22 ppm before it self-cleared.,1,CRITICAL,General Safety Observation,Drilling Operations,No PPE,"Workers were exposed to H2S at concentrations approaching IDLH threshold (50 ppm) without respiratory protection, representing direct life-threatening exposure. Overdue calibration on detection equipment means actual peak concentrations may have been underread, compounding the severity of the barrier failure.",hydrogen sulfide toxic gas alarm activated shale shaker area drilling operation hr two roughneck present without scba portable hydrogen sulfide toxic gas monitor personal one worker showed ppm worker self evacuated muster point investigation found hydrogen sulfide toxic gas moniter calibration week overdue maximum reading fixed detector ppm self cleared
OIL-2026-008,2026-01-20,Well Pad 04 - Hebron Field,"During site walkdown, a ladder was observed leaning against the production wellhead christmas tree at Well Pad 04, used by a technician to reach the choke manifold upper valve. No fall arrest harness was worn. Height was approximately 3.2 metres. No edge protection or secondary person footing the ladder. Worker descended safely when approached by HSE officer.",0,MEDIUM,Work at Height,Maintenance,No PPE,Work at height exceeding 1.8 metres without fall arrest equipment is a direct violation of IOGP work at height rules but was self-corrected without incident. Rated non-SIF as the activity was halted before exposure duration was significant and no potential fall trajectory intersected with secondary hazards.,site walkdown ladder observed leaning against production wellhead christmas tree well pad used technician reach choke manifold upper valve no fall arrest harness worn height approximately metre no edge protection secondary person footing ladder worker descended safely approached hse officer
OIL-2026-009,2026-01-22,Tank Farm B - Duliajan,"During internal inspection preparation of TK-105 (crude oil storage, 5000 KL), the vessel entry team proceeded to open the top manway before gas freeing was confirmed complete. OIL technician opened the manway and a second crew member leaned inside to visually inspect before LEL and O2 readings were taken. Entry permit had not been signed by the authorized gas tester.",1,CRITICAL,Confined Space Entry,Vessel Entry,No Gas Testing,Entering the internal atmosphere of a crude oil storage tank before gas freeing confirmation represents one of the highest-risk SIF scenarios in E&P operations. The combination of potential explosive and toxic atmospheres with entry occurring prior to atmospheric testing removed all primary safety barriers simultaneously.,internal inspection preparation tk crude oil storage kl vessel entry team proceeded open top manway gas freeing confirmed complete oil technician opened manway second crew member leaned inside visually inspect lower explosive limit flammable reading taken entry permit not signed authorized gas tester
OIL-2026-010,2026-01-25,Compressor Station 1 - Moran,Monthly safety inspection found the emergency shutdown (ESD) pushbutton at the main gas compressor control panel (K-301 panel) taped over with masking tape and marked 'DO NOT PRESS - TESTING'. No bypass permit or MOC documentation found. Operations shift lead stated it had been in that condition for approximately 4 days following a functional test.,1,HIGH,Bypassing Safety Controls,Maintenance,LOTO Bypass,Disabling or obscuring an ESD pushbutton without formal bypass authorization removes a critical safety instrumented system layer of protection for a high-pressure gas compression system. Four-day duration of uncontrolled bypass significantly elevated the probability of a process upset occurring without available emergency response capability.,monthly safety inspection found emergency shutdown esd pushbutton main gas compressor control panel k panel taped masking tape marked not press testing no bypass permit management change documentation found operation shift lead stated condition approximately day following functional test
OIL-2026-011,2026-01-27,Flowstation 3 - Makum,Spill of approximately 20 litres of produced water observed at the base of the 3-phase test separator (V-105) outlet valve. Drain valve packing had failed. Spill was contained within the bunded area. Absorbents deployed by operator within 30 minutes. No environmental discharge to soil. PTW raised for valve packing replacement.,0,LOW,General Safety Observation,Maintenance,,"Minor produced water spill was contained within secondary containment bunding and remediated within the shift. Rated non-SIF as the spill volume, containment effectiveness, and absence of ignition sources presented no credible life-safety threat under observed conditions.",spill approximately litre produced water observed base phase test separator v outlet valve drain valve packing failed spill contained within bunded area absorbent deployed operator within minute no environmental discharge soil permit work raised valve packing replacement
OIL-2026-012,2026-01-29,Well Pad 11 - Naharkatiya,Crane lift of BOP stack components at Well Pad 11 performed with personnel visible in the suspended load exclusion zone. Two workers were observed walking beneath the lifted BOP handling sub while the crane was mid-lift at approximately 4 metres height. Lift supervisor had not enforced exclusion zone. Crane operator stopped lift when workers entered zone.,1,CRITICAL,Mechanical Lifting,Mechanical Lifting,No Standby Person,Personnel under a suspended BOP handling sub represents an immediately fatal dropped object hazard with zero recovery time if the load were released. Failure of the lift supervisor to enforce the exclusion zone eliminated the primary human barrier against this SIF scenario.,crane lift bop stack component well pad performed personnel visible suspended load exclusion zone two worker observed walking beneath lifted bop handling sub crane mid lift approximately metre height lift supervisor not enforced exclusion zone crane operator stopped lift worker entered zone
OIL-2026-013,2026-02-01,Pipeline ROW - Jorhat-Duliajan,Ground disturbance excavation work commenced on ROW km 47.2 for a pipeline repair without a valid ground disturbance permit. Excavation reached 1.1 metres depth before a JCB bucket struck and damaged the outer casing of the 12-inch crude oil trunkline. No pipe locator survey had been performed. No spill resulted but casing damage confirmed on inspection.,1,HIGH,Ground Disturbance,Excavation,No Gas Testing,"Excavation without a ground disturbance permit and without pipe location survey resulted in direct mechanical contact with a live crude oil pipeline casing. This scenario had credible potential for pipeline breach, hydrocarbon release, and ignition given the energy of the excavator and uncertain pipe wall integrity.",ground disturbance excavation work commenced row km pipeline repair without valid ground disturbance permit excavation reached metre depth jcb bucket struck damaged outer casing inch crude oil trunkline no pipe locator survey performed no spill resulted casing damage confirmed inspection
OIL-2026-014,2026-02-03,Central Processing Facility - Duliajan,Contractor electrician observed replacing a fuse in the 415V MCC panel without first de-energizing the panel and without insulated gloves. Worker used standard cotton gloves. Panel door was open and worker was reaching into live busbars accessible within 300mm. Intervention made by OIL electrical supervisor before contact occurred.,1,CRITICAL,Energy Isolation,Electrical Work,LOTO Bypass,Working within reach distance of energized 415V busbars without electrical isolation or appropriate insulated PPE presents immediate electrocution risk with high lethality probability. The absence of any energy isolation step for a live MCC panel represents a complete failure of the electrical safety barrier set.,contractor electrician observed replacing fuse v mcc panel without first de energizing panel without insulated glove worker used standard cotton glove panel door open worker reaching live busbar accessible within mm intervention made oil electrical supervisor contact occurred
OIL-2026-015,2026-02-05,Pump Station 2 - Pipeline Sector,Safety signage on the secondary containment bund at Pump Station 2 found faded and illegible at three locations. Emergency assembly point directional arrows at two points were pointing to an incorrect muster location following a site layout change 6 months prior. MOC for the layout change had not included a signage update review.,0,LOW,Management of Change,Housekeeping,,Incorrect emergency muster signage is an administrative barrier failure with potential to delay evacuation effectiveness but does not represent a direct SIF exposure in isolation. The root cause of an incomplete MOC process is systemic and warrants corrective action to prevent recurrence in higher-consequence change scenarios.,safety signage secondary containment bund pump station found faded illegible three location emergency assembly point directional arrow two point pointing incorrect muster location following site layout change month prior management change layout change not included signage update review
OIL-2026-016,2026-02-07,Drilling Rig 8 - Jorhat Asset,Near miss: Driller reported that a 10-inch tong die flew off the rig floor during makeup of a drill collar connection. The die impacted a steel stanchion approximately 2.3 metres from where a roughneck was standing. No injury. Post-incident inspection found the tong die retaining spring was fatigued and had not been replaced during the prior monthly maintenance check.,1,HIGH,Line of Fire,Drilling Operations,,A projectile tong die traveling at high velocity across a populated rig floor is a credible SIF scenario with a near-miss outcome only due to trajectory fortune. The root cause of deferred tong maintenance represents a systemic equipment integrity failure that must be addressed to prevent fatality.,near miss driller reported inch tong die flew rig floor makeup drill collar connection die impacted steel stanchion approximately metre roughneck standing no injury post incident inspection found tong die retaining spring fatigued not replaced prior monthly maintenance check
OIL-2026-017,2026-02-09,Flowstation 3 - Makum,"Housekeeping observation: accumulation of waste oil-soaked PPE (gloves, coveralls) in a metal skip adjacent to the production manifold header. Skip had no lid and was positioned within 5m of a gas vent. Volume estimated at approx 15 kg. No ignition source observed. Skip relocated by maintenance crew on supervisor instruction.",0,LOW,General Safety Observation,Housekeeping,,Combustible oily waste storage near a gas vent point is a low-level housekeeping deficiency with manageable fire risk under normal conditions. No immediate SIF potential identified given absence of ignition sources and prompt corrective action taken.,housekeeping observation accumulation waste oil soaked personal protective equipment glove coverall metal skip adjacent production manifold header skip no lid positioned within gas vent volume estimated approx kg no ignition source observed skip relocated maintenance crew supervisor instruction
OIL-2026-018,2026-02-11,Well Pad 04 - Hebron Field,Wireline unit operator found to be conducting slickline operations at Well Pad 04 wellhead without the well control PTW endorsed by the OIM/Well Engineer. Operator stated PTW was 'in progress' and he had verbal clearance from the Toolpusher. Well was on artificial lift and had live annulus pressure of 42 bar. No SCBA readily accessible at the unit.,1,CRITICAL,Bypassing Safety Controls,Well Intervention,No Gas Testing,Conducting live well intervention without a valid well control PTW on a well with 42 bar annulus pressure removes all formal well control barriers and escalation protocols. The absence of SCBA at the work site further compounds the SIF potential in the event of an uncontrolled well release during wireline operations.,wireline unit operator found conducting slickline operation well pad wellhead without well control permit work endorsed oim well engineer operator stated permit work progress verbal clearance toolpusher well artificial lift live annulus pressure bar no scba readily accessible unit
OIL-2026-019,2026-02-13,Tank Farm B - Duliajan,"During loading operations at TK-103, a tank truck driver was observed using his personal mobile phone while standing on the tank truck loading platform adjacent to the open dome hatch. Facility is designated as Zone 1 ATEX area. Driver's phone was a non-intrinsically safe consumer device. Vapour concentration at dome hatch measured 12% LEL by the OIL operator.",1,HIGH,Hot Work,Loading Operations,No PPE,"Use of a non-ATEX-rated mobile phone in a Zone 1 classified area with confirmed hydrocarbon vapour concentration at 12% LEL represents a credible ignition scenario. A single arc from the phone could ignite the vapour-air mixture at the open dome hatch, causing a tank fire or explosion.",loading operation tk tank truck driver observed using personal mobile phone standing tank truck loading platform adjacent open dome hatch facility designated zone atex area driver phone non intrinsically safe consumer device vapour concentration dome hatch measured lower explosive limit flammable oil operator
OIL-2026-020,2026-02-15,Compressor Station 1 - Moran,"Routine inspection found two gas detector heads in the compressor hall (GD-04 and GD-07) showing 'FAULT' status on the panel. Maintenance log shows fault condition unresolved for 9 days. During this period, routine compression operations continued without supplementary portable gas detection deployed. No alternative compensatory measure documented.",1,HIGH,Bypassing Safety Controls,Maintenance,,"Operating a gas compression facility with two fixed detector heads in fault condition for 9 days without compensatory monitoring constitutes a significant safety barrier degradation. Any gas leak during this period would have had reduced or no fixed detection response, removing the primary automatic ESD trigger.",routine inspection found two gas detector head compressor hall gd gd showing fault status panel maintenance log show fault condition unresolved day period routine compression operation continued without supplementary portable gas detection deployed no alternative compensatory measure documented
OIL-2026-021,2026-02-17,Central Processing Facility - Duliajan,"Toolbox talk conducted prior to a vessel entry job into Separator V-201. All required signatures collected. Gas test confirmed: O2 = 20.9%, LEL = 0%, H2S = 0 ppm. Confined space entry team of 3 persons entered with harness, tripod, and lifeline. Standby person remained outside throughout. Entry completed successfully for inspection and weld repair. No issues reported.",0,LOW,Confined Space Entry,Vessel Entry,,"All required confined space entry controls were correctly implemented including atmospheric testing, standby person, retrieval equipment, and valid entry permit. Rated non-SIF as all barriers were in place and functioning; this represents a compliant, correctly managed operation.",toolbox talk conducted prior vessel entry job separator v required signature collected gas test confirmed lower explosive limit flammable hydrogen sulfide toxic gas ppm confined space entry team person entered harness tripod lifeline standby person remained outside throughout entry completed successfully inspection weld repair no issue reported
OIL-2026-022,2026-02-19,Well Pad 11 - Naharkatiya,Driver of a company-owned light vehicle (Toyota Hilux) involved in a single-vehicle incident on the internal access road to Well Pad 11. Vehicle went off the gravel road surface at a curve and became stuck in soft ground. No injury. Speed at time of incident estimated by driver at 35 kph. Speed limit on internal roads is 20 kph. Driver seatbelt was worn.,0,MEDIUM,Driving,Driving,,"Light vehicle incident resulting in no injury but involving speed limit exceedance indicates a driving behavior compliance failure. Rated non-SIF as the outcome was minor, seatbelt was worn, and speed differential was moderate, but the root cause warrants driving behavior intervention.",driver company owned light vehicle toyota hilux involved single vehicle incident internal access road well pad vehicle went gravel road surface curve became stuck soft ground no injury speed time incident estimated driver kph speed limit internal road kph driver seatbelt worn
OIL-2026-023,2026-02-21,Pump Station 2 - Pipeline Sector,"During planned maintenance on Pump P-201 (booster pump), isolations were applied per the LOTO procedure. However, technician discovered after breaking the pump coupling that the suction isolation valve had not been locked - only tagged. Tag was attached but valve was not physically locked. Valve was not opened during the job and no injury occurred. LOTO procedure re-briefed with crew.",0,MEDIUM,Energy Isolation,Maintenance,,"LOTO procedure non-compliance was identified during the job execution phase before any energy release occurred. Rated non-SIF as the deficiency was self-identified and corrected without consequence, but the failure to lock (vs. tag-only) a suction isolation valve represents a procedural gap requiring systemic corrective action.",planned maintenance pump p booster pump isolation applied per lockout tagout energy isolation procedure however technician discovered breaking pump coupling suction isolation valve not locked tagged tag attached valve not physically locked valve not opened job no injury occurred lockout tagout energy isolation procedure briefed crew
OIL-2026-024,2026-02-23,Flowstation 3 - Makum,"Scaffolding inspection at Flowstation 3 found a section of working platform at 4.8 metres elevation missing two planks, leaving a 400mm gap in the working surface. Workers had been using the scaffold for insulation work on the crude oil heating coils for 2 days. Gap had been present since erection. Scaffold tag was GREEN (approved for use). Scaffold erector and inspector identities under investigation.",1,HIGH,Work at Height,Maintenance,,A 400mm gap in a scaffold working platform at 4.8 metres elevation presents a direct fall-through fatality risk that workers had unknowingly been exposed to for two days. The incorrect GREEN tag issued despite the structural deficiency represents a failure of the scaffold inspection barrier that is supposed to prevent exactly this SIF exposure.,scaffolding inspection flowstation found section working platform metre elevation missing two plank leaving mm gap working surface worker using scaffold insulation work crude oil heating coil day gap present since erection scaffold tag green approved use scaffold erector inspector identity investigation
OIL-2026-025,2026-02-25,Tank Farm B - Duliajan,Worker slipped on wet grating at the base of TK-107 staircase during morning rounds. Worker fell and sustained a minor laceration to the left forearm requiring first-aid treatment. Anti-slip coating on the staircase grating was found worn and had been reported twice previously via the observation card system without corrective action. PTW raised for grating replacement.,0,MEDIUM,General Safety Observation,Housekeeping,,"Slip and fall resulting in minor laceration represents a low-consequence outcome but the deferred corrective action on two prior observations indicates a systemic maintenance responsiveness failure. Non-SIF as injury severity was minor with no exposure to energy sources, but the lagging indicator trend warrants management attention.",worker slipped wet grating base tk staircase morning round worker fell sustained minor laceration left forearm requiring first aid treatment anti slip coating staircase grating found worn reported twice previously via observation card system without corrective action permit work raised grating replacement
OIL-2026-026,2026-03-01,Drilling Rig 8 - Jorhat Asset,Derrickman observed working on the monkey board at 27 metres elevation without the self-retracting lifeline (SRL) connected to the safety cable. Worker had donned his full-body harness correctly but had not clipped the SRL. He stated he had 'forgotten' during the rush of tripping operations. He was at the monkey board for approximately 8 minutes before being observed and instructed to connect.,1,CRITICAL,Work at Height,Drilling Operations,No PPE,"Working at 27 metres elevation on the monkey board without SRL connection means a single slip or stumble results in a fatal uncontrolled fall with zero recovery. The harness was correctly worn but remained functionally useless without the SRL connection, eliminating the sole fall-arrest barrier.",derrickman observed working monkey board metre elevation without self retracting lifeline srl connected safety cable worker donned full body harness correctly not clipped srl stated forgotten rush tripping operation monkey board approximately minute observed instructed connect
OIL-2026-027,2026-03-03,Well Pad 04 - Hebron Field,"Near miss: During well testing operations, a 2-inch HP test hose connection at the wellhead manifold failed suddenly at an estimated operating pressure of 210 bar. Hose end fitting separated and the free end of the hose whipped, striking a gauge board. No personnel were directly struck. Three workers were within the potential whip radius. Hose was a rented third-party unit without current test certification.",1,CRITICAL,Line of Fire,Well Testing,,High-pressure hose failure at 210 bar with active whipping in a personnel-occupied area represents a fatal projectile/whipping hazard that narrowly missed three workers. The use of uncertified high-pressure hose is an equipment integrity failure that directly caused this SIF event.,near miss well testing operation inch hp test hose connection wellhead manifold failed suddenly estimated operating pressure bar hose end fitting separated free end hose whipped striking gauge board no personnel directly struck three worker within potential whip radius hose rented third party unit without current test certification
OIL-2026-028,2026-03-05,Central Processing Facility - Duliajan,MOC audit revealed that a modification to the gas-oil ratio (GOR) calculation logic in the SCADA system at CPF had been implemented by the process engineer without a formal MOC. Change affected how process alarms were calculated. An incorrect GOR value had subsequently masked a high liquid level alarm on V-201 for a period of 6 hours on a previous shift.,1,HIGH,Management of Change,Operations,,An uncontrolled change to SCADA alarm calculation logic that caused a masked high-level alarm on a process vessel is a direct safety instrumented system failure with potential for overfill and hydrocarbon release. The absence of MOC removed peer review and risk assessment that could have identified the alarm masking consequence.,management change audit revealed modification gas oil ratio gor calculation logic scada system cpf implemented process engineer without formal management change change affected process alarm calculated incorrect gor value subsequently masked high liquid level alarm v period hour previous shift
OIL-2026-029,2026-03-07,Compressor Station 1 - Moran,"During toolbox talk observation, HSE officer noted that the cold work permit for tube bundle cleaning of heat exchanger HX-301 did not include the gas testing frequency requirement. Permit was otherwise complete. Job supervisor confirmed gas testing would be done at start of each shift but this was not written on the permit face. Job had not started at time of observation. Permit revised before work commenced.",0,LOW,General Safety Observation,Maintenance,,"Permit deficiency was identified and corrected before work commenced, meaning no actual barrier failure occurred. Rated non-SIF as the correction process worked as intended; however, the omission of gas testing frequency on a hydrocarbon system cold work permit represents a quality-of-PTW concern requiring supervisor coaching.",toolbox talk observation hse officer noted cold work permit tube bundle cleaning heat exchanger hx not include gas testing frequency requirement permit otherwise complete job supervisor confirmed gas testing would done start shift not written permit face job not started time observation permit revised work commenced
OIL-2026-030,2026-03-09,Pipeline ROW - Jorhat-Duliajan,Third-party contractor vehicle (JCB excavator) was operating on ROW km 31.4 without a ground disturbance permit and without an OIL company representative or banksman present. Excavation for a drain trench was 0.6m deep. Pipe locator used but no mark-out on ground. Two live 6-inch gas pipelines confirmed to be within 1.5m of excavation centerline.,1,HIGH,Ground Disturbance,Excavation,No Standby Person,Excavation within 1.5 metres of live gas pipelines without a ground disturbance permit or OIL representative supervision removes all formal controls designed to prevent pipeline strike and catastrophic gas release. The combination of no permit and no company supervision represents a total management control failure.,third party contractor vehicle jcb excavator operating row km without ground disturbance permit without oil company representative banksman present excavation drain trench deep pipe locator used no mark ground two live inch gas pipeline confirmed within excavation centerline
OIL-2026-031,2026-03-11,Flowstation 3 - Makum,Routine fire extinguisher inspection found 4 out of 12 CO2 extinguishers in the compressor/generator building with expired inspection tags (overdue by 1-3 months). Building contains two 500 kW diesel gensets. Extinguishers were operable but technically out of certification. Deficiency logged. Maintenance contractor notified. Replacement inspection arranged for next day.,0,LOW,General Safety Observation,Housekeeping,,Expired extinguisher inspection tags represent a preventive maintenance compliance failure but do not indicate the extinguishers are non-functional. Rated non-SIF as no immediate life-safety event was in progress and corrective action was initiated promptly.,routine fire extinguisher inspection found co extinguisher compressor generator building expired inspection tag overdue month building contains two kw diesel gensets extinguisher operable technically certification deficiency logged maintenance contractor notified replacement inspection arranged next day
OIL-2026-032,2026-03-13,Well Pad 11 - Naharkatiya,"During workovers on Well WP11-06, a section of 3.5-inch tubing (approximately 9 metres, weight ~280 kg) was left suspended in the travelling block overnight due to shift change complications. No LOTO applied. The suspended load was not lowered to the rat hole or set in the slips. Night shift crew discovered the condition at shift start. Load was safely lowered without incident.",1,HIGH,Energy Isolation,Well Intervention,LOTO Bypass,"A 280 kg suspended tubular string left in the travelling block overnight without energy isolation or mechanical restraint represents a stored gravitational energy hazard. Failure of shift handover controls allowed this dangerous condition to persist through the night, creating a potential fatal dropped load or uncontrolled string release scenario.",workovers well wp section inch tubing approximately metre weight kg left suspended travelling block overnight due shift change complication no lockout tagout energy isolation applied suspended load not lowered rat hole set slip night shift crew discovered condition shift start load safely lowered without incident
OIL-2026-033,2026-03-15,Tank Farm B - Duliajan,Inspection of the foam suppression system on TK-101 (condensate storage) found the deluge valve actuator hydraulic line disconnected. System had been in this condition since a maintenance job 3 weeks prior. No bypass authorization or compensatory measure in place. Tank was in active service throughout this period. Fixed foam protection was entirely non-functional.,1,HIGH,Bypassing Safety Controls,Maintenance,,"Active service of a condensate storage tank for three weeks with non-functional fixed foam fire suppression system removes the primary fixed fire protection barrier. In the event of a tank fire during this period, first response foam application capability would have been completely absent, significantly increasing fire escalation risk.",inspection foam suppression system tk condensate storage found deluge valve actuator hydraulic line disconnected system condition since maintenance job week prior no bypass authorization compensatory measure place tank active service throughout period fixed foam protection entirely non functional
OIL-2026-034,2026-03-17,Drilling Rig 8 - Jorhat Asset,"Observation: driller's assistant was observed eating lunch in the dog house (driller's cabin) while still wearing oil-contaminated coveralls and without washing hands. Dog house is positioned above the rig floor, not in a designated eating area. Concern raised is chemical ingestion risk from hydrocarbon-contaminated hands contacting food. Worker reminded of hygiene requirements.",0,LOW,General Safety Observation,Housekeeping,,Eating in a non-designated area with contaminated PPE presents a low-level hygiene and chemical ingestion risk. Rated non-SIF as this is a behavioral observation with no credible pathway to a serious injury or fatality under the observed circumstances.,observation driller assistant observed eating lunch dog house driller cabin still wearing oil contaminated coverall without washing hand dog house positioned above rig floor not designated eating area concern raised chemical ingestion risk hydrocarbon contaminated hand contacting food worker reminded hygiene requirement
OIL-2026-035,2026-03-19,Central Processing Facility - Duliajan,"During pig launching operations at the CPF pig launcher (PL-01), a technician was observed standing directly in front of the pig launcher barrel closure end during pressurization. Pig launcher was being pressurized to 35 bar through the kicker line. The technician was reading the pressure gauge mounted on the closure end at approximately 0.5m from the closure flange face.",1,CRITICAL,Line of Fire,Pipeline Operations,,"Standing in front of a pig launcher closure during pressurization places the worker directly in the potential projectile line if the closure were to fail or open accidentally under pressure. At 35 bar, a pig launcher closure failure would result in a fatal projectile event with near-zero survivability at 0.5m distance.",pig launching operation cpf pig launcher pl technician observed standing directly front pig launcher barrel closure end pressurization pig launcher pressurized bar kicker line technician reading pressure gauge mounted closure end approximately closure flange face
OIL-2026-036,2026-03-21,Pump Station 2 - Pipeline Sector,"Oil sample taken from lube oil reservoir of pipeline pump P-203 during maintenance showed metal particle contamination above alert level (Fe: 380 ppm vs. alert level 200 ppm). Pump was kept in service pending a parts review. No risk assessment performed for continued operation. Pump subsequently failed 48 hours later due to bearing seizure, requiring unplanned shutdown of the pipeline.",0,MEDIUM,Management of Change,Maintenance,,Pump lube oil contamination above alert threshold is a mechanical integrity warning that should have triggered a risk-assessed decision prior to continued service. Rated non-SIF as the outcome was an equipment failure and unplanned shutdown without personnel injury or hydrocarbon release.,oil sample taken lube oil reservoir pipeline pump p maintenance showed metal particle contamination above alert level fe ppm v alert level ppm pump kept service pending part review no risk assessment performed continued operation pump subsequently failed hour later due bearing seizure requiring unplanned shutdown pipeline
OIL-2026-037,2026-03-23,Well Pad 04 - Hebron Field,Contractor work crew performing painting work on the wellhead area cellar at Well Pad 04 did not have a valid hot work or cold work permit. Work was classified by the crew supervisor as 'non-intrusive painting' not requiring a PTW. Paint being used was solvent-based (flash point 24°C). No gas testing performed. Well in production. Stopped by OIL HSE officer.,1,HIGH,Hot Work,Maintenance,,Solvent-based painting (flash point 24°C) adjacent to a production wellhead without a PTW or gas testing represents an uncontrolled ignition risk scenario. Hydrocarbon vapours from the producing wellhead combined with solvent vapour from the paint creates a credible explosive atmosphere with no controls in place.,contractor work crew performing painting work wellhead area cellar well pad not valid hot work cold work permit work classified crew supervisor non intrusive painting not requiring permit work paint used solvent based flash point c no gas testing performed well production stopped oil hse officer
OIL-2026-038,2026-03-25,Compressor Station 1 - Moran,Safety observation: the battery limit block valve (BLBV-01) at the Compressor Station 1 inlet is stiff to operate and the handwheel has been reported as difficult to close fully by two operators in the past month. Valve has not been added to the maintenance backlog formally. In an emergency gas release scenario this valve is the primary manual isolation.,0,MEDIUM,General Safety Observation,Maintenance,,Degraded operability of a critical emergency isolation valve reduces the effectiveness of a key emergency response barrier but does not represent an active SIF exposure at time of observation. Escalation to the maintenance priority list is required to ensure the valve performs its intended function in an emergency.,safety observation battery limit block valve blbv compressor station inlet stiff operate handwheel reported difficult close fully two operator past month valve not added maintenance backlog formally emergency gas release scenario valve primary manual isolation
OIL-2026-039,2026-03-27,Flowstation 3 - Makum,"Permit to Work review found a confined space entry permit issued for entry into the sump (S-03) at Flowstation 3. The permit correctly identified the hazards. However, review of the gas testing record showed only LEL was tested; O2 level was NOT tested. The standby person was also found to have left the confined space entry point to assist a nearby job for approximately 20 minutes.",1,CRITICAL,Confined Space Entry,Vessel Entry,No Standby Person,"Incomplete atmospheric testing (oxygen level not verified) means the entrant could have been working in an oxygen-deficient atmosphere without awareness. The concurrent absence of the standby person for 20 minutes eliminated emergency retrieval capability, creating a scenario where an incapacitated entrant would have no immediate rescue response.",permit work review found confined space entry permit issued entry sump flowstation permit correctly identified hazard however review gas testing record showed lower explosive limit flammable tested level not tested standby person also found left confined space entry point assist nearby job approximately minute
OIL-2026-040,2026-03-29,Tank Farm B - Duliajan,"During a management walkdown at Tank Farm B, the emergency shower and eyewash station adjacent to TK-104 chemical dosing unit was found with a damaged and stuck actuation handle. The station had not been weekly-tested per procedure. Workers in the area are regularly exposed to scale inhibitor chemical (corrosive, pH 2.1). Last test record was 5 weeks prior.",0,MEDIUM,General Safety Observation,Housekeeping,,"A non-functional emergency eyewash station in an area with regular exposure to corrosive chemicals represents a significant secondary safety system failure. Rated non-SIF as no active chemical exposure event was occurring, but the degraded emergency response capability requires immediate remediation given the routine chemical handling risk.",management walkdown tank farm b emergency shower eyewash station adjacent tk chemical dosing unit found damaged stuck actuation handle station not weekly tested per procedure worker area regularly exposed scale inhibitor chemical corrosive ph last test record week prior
OIL-2026-041,2026-04-01,Drilling Rig 8 - Jorhat Asset,Drill crew observed performing manual handling of drill pipe protectors without mechanical assistance. Each protector weighs approximately 18 kg. Three workers were handling protectors without back support belts and using awkward postures on the rig floor grating. Total number of protectors moved was 40 over a 2-hour period. No ergonomic assessment done for this repetitive task.,0,LOW,General Safety Observation,Drilling Operations,,Manual handling of 18 kg objects with poor ergonomic technique presents a musculoskeletal injury risk but does not constitute a serious injury or fatality (SIF) potential event. Corrective action should address ergonomic assessment and provision of mechanical handling aids for this repetitive task.,drill crew observed performing manual handling drill pipe protector without mechanical assistance protector weighs approximately kg three worker handling protector without back support belt using awkward posture rig floor grating total number protector moved hour period no ergonomic assessment done repetitive task
OIL-2026-042,2026-04-03,Central Processing Facility - Duliajan,"During P&ID verification walkdown as part of an MOC for the addition of a new chemical injection point on the CPF export line, the walkdown team identified that a check valve (CV-112) shown as existing on the P&ID was physically absent from the line. Line had been in service for estimated 3 years without the check valve. Implications for backflow prevention under the new injection point assessed.",1,HIGH,Management of Change,Operations,,The discovery of a physically absent check valve on a live process line during an MOC walkdown indicates an undocumented historical piping modification that removed a backflow prevention device. The absence of CV-112 creates a credible hydrocarbon backflow scenario under certain operational conditions with potential for loss of containment.,p id verification walkdown part management change addition new chemical injection point cpf export line walkdown team identified check valve cv shown existing p id physically absent line line service estimated year without check valve implication backflow prevention new injection point assessed
OIL-2026-043,2026-04-05,Well Pad 11 - Naharkatiya,Two workers from the cementing crew were found sleeping in a running diesel vehicle (Toyota Land Cruiser) in the parking area with windows up. Workers were waiting for their crew call. Carbon monoxide risk from exhaust recirculation in enclosed vehicle identified by OIL safety officer. Workers woke and moved when the vehicle was tapped on by the officer. No CO symptoms reported.,0,MEDIUM,General Safety Observation,Driving,,"Sleeping in a running enclosed vehicle creates a carbon monoxide accumulation risk that could become fatal over extended periods. Rated non-SIF for this observation as the duration was indeterminate and no CO symptoms were present, but the potential for CO incapacitation and death in prolonged exposure represents a real risk warranting behavioral correction.",two worker cementing crew found sleeping running diesel vehicle toyota land cruiser parking area window worker waiting crew call carbon monoxide risk exhaust recirculation enclosed vehicle identified oil safety officer worker woke moved vehicle tapped officer no co symptom reported
OIL-2026-044,2026-04-07,Compressor Station 1 - Moran,During hot work - welding on the compressor building structural steel - the welder's asistant was not wearing the required flash-shield face protection; only standard safety glasses used. Welder himself was correctly equipped. Welding arc flash at the distance of the assistant (approx 1.5m) can cause arc eye injury. Assistant corrected on the spot and welding paused until correct PPE obtained.,0,MEDIUM,Hot Work,Hot Work,No PPE,Arc flash exposure without appropriate face protection can cause painful but generally non-fatal arc eye injury. Rated non-SIF as the PPE deficiency was identified and corrected before significant exposure duration accumulated and no life-threatening hazard pathway was active.,hot work welding compressor building structural steel welder asistant not wearing required flash shield face protection standard safety glass used welder correctly equipped welding arc flash distance assistant approx cause arc eye injury assistant corrected spot welding paused correct personal protective equipment obtained
OIL-2026-045,2026-04-09,Pipeline ROW - Jorhat-Duliajan,"Unauthorized crop farmers found within the OIL pipeline ROW near km 52.8, using hand-operated irrigation drilling rigs to sink boreholes for field irrigation. Two boreholes had been sunk to approximately 3 metres depth. The 12-inch crude oil pipeline at this location is at a depth of 1.1 metres. One borehole was 0.4 metres lateral distance from the pipe centreline.",1,CRITICAL,Ground Disturbance,Excavation,,"Unauthorized borehole drilling to 3 metres depth with one borehole only 0.4 metres laterally from a buried crude oil pipeline represents an imminent pipeline strike scenario. At the stated burial depth of 1.1 metres, continued drilling at this location would have resulted in direct pipeline penetration with potential for major hydrocarbon spill and ignition.",unauthorized crop farmer found within oil pipeline row near km using hand operated irrigation drilling rig sink boreholes field irrigation two boreholes sunk approximately metre depth inch crude oil pipeline location depth metre one borehole metre lateral distance pipe centreline
OIL-2026-046,2026-04-11,Flowstation 3 - Makum,Permit-to-work system compliance check found a valid hot work permit issued for welding on the produced water tank walkway at Flowstation 3. Fire watch was present and correctly briefed. All pre-job gas tests confirmed 0% LEL. Welding machine earth clamp was properly connected. Fire extinguisher was positioned and serviceable. Job executed without incident. Good practice observation.,0,LOW,Hot Work,Hot Work,,"All required hot work controls were correctly implemented including gas testing, fire watch, serviceable extinguisher, and proper earthing. Rated non-SIF with zero barrier failures observed; this represents a fully compliant hot work execution and is recorded as a positive safety observation.",permit work system compliance check found valid hot work permit issued welding produced water tank walkway flowstation fire watch present correctly briefed pre job gas test confirmed lower explosive limit flammable welding machine earth clamp properly connected fire extinguisher positioned serviceable job executed without incident good practice observation
OIL-2026-047,2026-04-13,Well Pad 04 - Hebron Field,"During coiled tubing (CT) operations at Well WP04-03, the well control PTW was suspended and work paused due to a shift change. On resumption by the oncoming shift, the CT supervisor recommenced injection operations without re-endorsing the suspended PTW or conducting a re-start gas test. Well was on a gas lift system. BOP test was not repeated after the break exceeded 4 hours per OIL procedure.",1,HIGH,Bypassing Safety Controls,Well Intervention,,"Recommencing coiled tubing operations on a gas lift well without re-endorsing the suspended PTW or conducting restart gas testing violates the primary well control and work authorization barriers. The 4-hour BOP re-test requirement was also missed, meaning well control equipment certification was expired at restart.",coiled tubing ct operation well wp well control permit work suspended work paused due shift change resumption oncoming shift ct supervisor recommenced injection operation without endorsing suspended permit work conducting start gas test well gas lift system bop test not repeated break exceeded hour per oil procedure
OIL-2026-048,2026-04-15,Tank Farm B - Duliajan,"During tank gauging activity at TK-109 (condensate), the gauger was observed using a steel tape measure and steel gauge weight to manually gauge the condensate tank without an anti-static discharge wrist strap. The tank was in active service. Steel-on-steel contact during manual gauging is a recognized ignition source for condensate vapours. Gauger had not been briefed on this specific hazard.",1,HIGH,Hot Work,Operations,No PPE,Manual gauging of an active condensate storage tank with ungrounded steel equipment creates a static discharge ignition risk in a vapour-rich environment. The absence of hazard briefing on static ignition from gauging tools represents both a procedural and training barrier failure for a recognized SIF scenario.,tank gauging activity tk condensate gauger observed using steel tape measure steel gauge weight manually gauge condensate tank without anti static discharge wrist strap tank active service steel steel contact manual gauging recognized ignition source condensate vapour gauger not briefed specific hazard
OIL-2026-049,2026-04-17,Central Processing Facility - Duliajan,"H2S drill conducted at CPF at 0800 hrs. Muster completed within 4 minutes (target: 5 minutes). Head count confirmed all 38 personnel accounted for. SCBA donning check performed on 6 designated responders - all passed. One SCBA set (unit #4) found with low cylinder pressure (110 bar, minimum 150 bar). SCBA removed from service for cylinder replacement. All other findings satisfactory.",0,LOW,General Safety Observation,Operations,,"Emergency drill was completed successfully within the target time with all personnel accounted for. The identification of a low-pressure SCBA unit during the drill is exactly the intended function of drill exercises; the unit was removed from service, demonstrating effective barrier maintenance through testing.",hydrogen sulfide toxic gas drill conducted cpf hr muster completed within minute target minute head count confirmed personnel accounted scba donning check performed designated responder passed one scba set unit found low cylinder pressure bar minimum bar scba removed service cylinder replacement finding satisfactory
OIL-2026-050,2026-04-19,Pump Station 2 - Pipeline Sector,"During valve replacement job on the 10-inch crude oil transfer line, the line was confirmed isolated and depressurised per the PTW. However, when the technician broke the flange on the bypass valve, residual crude oil (approx 200 litres) drained from a high point trapped section not captured in the isolation plan. The crude oil flooded the bunded area and splashed on the technician's coveralls. No ignition. No injury.",1,HIGH,Energy Isolation,Line Breaching,,Residual trapped hydrocarbons released during a line-break despite a completed isolation sequence indicates the isolation plan failed to account for a high-point trap section. The 200-litre crude oil release and personnel contamination represents a credible ignition and flash fire SIF scenario that was averted only by the absence of concurrent ignition sources.,valve replacement job inch crude oil transfer line line confirmed isolated depressurised per permit work however technician broke flange bypass valve residual crude oil approx litre drained high point trapped section not captured isolation plan crude oil flooded bunded area splashed technician coverall no ignition no injury
