report_id,report_text,sif_label,location,activity_type,date,processed_text
1,Bypassed safety interlock on pump to continue production. Alarm system disabled.,1,Pump Station,Ground Excavation,2024-05-25,bypassed safety interlock pump continue production alarm system disabled
2,Vehicle moving in reverse without banksman. Pedestrian narrowly nearly struck near Workshop.,1,Pipeline ROW,Mechanical Lifting,2024-01-22,vehicle moving reverse without banksman pedestrian narrowly nearly struck near workshop
3,Worker operating angle grinder without face shield. Sparks near fuel storage area.,1,Processing Plant,Hot Work,2024-01-13,worker operating angle grinder without face shield spark near fuel storage area
4,Hot work carried out near diesel tank without valid permit. Fire extinguisher not available on site.,1,Processing Plant,Work at Height,2024-06-12,hot work carried near diesel tank without valid permit fire extinguisher not available site
5,Bypassed safety interlock on valve to continue production. Alarm system disabled.,1,Workshop,Mechanical Lifting,2024-07-18,bypassed safety interlock valve continue production alarm system disabled
6,Worker entered Drilling Rig without proper gas testing. CO levels not checked. No standby person assigned.,1,Well Site,Confined Space Entry,2024-04-12,worker entered drilling rig without proper gas testing co level not checked no standby person assigned
7,Vehicle moving in reverse without banksman. Pedestrian almost nearly struck near Pipeline ROW.,1,Drilling Rig,Hot Work,2024-03-09,vehicle moving reverse without banksman pedestrian almost nearly struck near pipeline row
8,Worker entered Pipeline ROW without proper gas testing. CO levels not checked. No standby person assigned.,1,Pump Station,Work at Height,2024-07-20,worker entered pipeline row without proper gas testing co level not checked no standby person assigned
9,Ground excavation done without checking underground utility maps. Pipe struck during digging.,1,Drilling Rig,Mechanical Lifting,2024-04-08,ground excavation done without checking underground utility map pipe struck digging
10,Employee working at 6 meters without fall protection harness. Safety net not installed.,1,Tank Farm,Work at Height,2024-04-23,employee working meter without fall protection harness safety net not installed
11,Vehicle moving in reverse without banksman. Pedestrian narrowly nearly struck near Pump Station.,1,Pipeline ROW,Driving / Vehicle Operation,2024-02-10,vehicle moving reverse without banksman pedestrian narrowly nearly struck near pump station
12,Worker entered Tank Farm without proper gas testing. LEL levels not checked. No standby person assigned.,1,Well Site,Mechanical Lifting,2024-02-08,worker entered tank farm without proper gas testing lower explosive limit flammable level not checked no standby person assigned
13,Ground excavation done without checking underground utility maps. Pipe struck during digging.,1,Drilling Rig,Hot Work,2024-06-24,ground excavation done without checking underground utility map pipe struck digging
14,Bypassed safety interlock on electrical panel to continue production. Alarm system disabled.,1,Well Site,Mechanical Lifting,2024-08-03,bypassed safety interlock electrical panel continue production alarm system disabled
15,Ground excavation done without checking underground utility maps. Pipe struck during digging.,1,Pipeline ROW,Driving / Vehicle Operation,2024-03-25,ground excavation done without checking underground utility map pipe struck digging
16,Worker operating angle grinder without face shield. Sparks near fuel storage area.,1,Pump Station,Confined Space Entry,2024-03-08,worker operating angle grinder without face shield spark near fuel storage area
17,Worker operating angle grinder without face shield. Sparks near fuel storage area.,1,Pump Station,Mechanical Lifting,2024-08-10,worker operating angle grinder without face shield spark near fuel storage area
18,Ground excavation done without checking underground utility maps. Pipe struck during digging.,1,Tank Farm,Ground Excavation,2024-07-14,ground excavation done without checking underground utility map pipe struck digging
19,Worker operating angle grinder without face shield. Sparks near fuel storage area.,1,Tank Farm,Confined Space Entry,2024-06-20,worker operating angle grinder without face shield spark near fuel storage area
20,Employee working at 15 meters without fall protection harness. Safety net not installed.,1,Pipeline ROW,Driving / Vehicle Operation,2024-03-14,employee working meter without fall protection harness safety net not installed
21,Worker found inside boiler space without atmospheric monitoring. Rescue plan absent.,1,Compressor Station,Work at Height,2024-01-08,worker found inside boiler space without atmospheric monitoring rescue plan absent
22,Hot work carried out near paint store without valid permit. Fire extinguisher not available on site.,1,Compressor Station,Confined Space Entry,2024-03-28,hot work carried near paint store without valid permit fire extinguisher not available site
23,Worker found inside vessel space without atmospheric monitoring. Rescue plan absent.,1,Drilling Rig,Driving / Vehicle Operation,2024-03-17,worker found inside vessel space without atmospheric monitoring rescue plan absent
24,Worker operating angle grinder without face shield. Sparks near fuel storage area.,1,Pump Station,Mechanical Lifting,2024-06-30,worker operating angle grinder without face shield spark near fuel storage area
25,Employee working at 14 meters without fall protection harness. Safety net not installed.,1,Processing Plant,Energy Isolation / LOTO,2024-03-04,employee working meter without fall protection harness safety net not installed
26,Employee working at 15 meters without fall protection harness. Safety net not installed.,1,Workshop,Work at Height,2024-06-25,employee working meter without fall protection harness safety net not installed
27,Worker found inside vessel space without atmospheric monitoring. Rescue plan absent.,1,Compressor Station,Confined Space Entry,2024-05-01,worker found inside vessel space without atmospheric monitoring rescue plan absent
28,Bypassed safety interlock on compressor to continue production. Alarm system disabled.,1,Workshop,Energy Isolation / LOTO,2024-02-13,bypassed safety interlock compressor continue production alarm system disabled
29,Housekeeping not maintained near Pump Station. Waste accumulation observed.,0,Pipeline ROW,Routine Inspection,2024-01-14,housekeeping not maintained near pump station waste accumulation observed
30,Fire extinguisher inspection overdue by 2 days at Workshop. Inspector notified.,0,Pipeline ROW,Documentation,2024-06-20,fire extinguisher inspection overdue day workshop inspector notified
31,Visitor entered plant without signing gate register. Security counseled.,0,Pipeline ROW,Routine Inspection,2024-08-30,visitor entered plant without signing gate register security counseled
32,Tool box talk not conducted before morning shift at Pipeline ROW.,0,Workshop,Documentation,2024-07-07,tool box talk not conducted morning shift pipeline row
33,Fire extinguisher inspection overdue by 2 days at Processing Plant. Inspector notified.,0,Processing Plant,Administrative,2024-03-28,fire extinguisher inspection overdue day processing plant inspector notified
34,Tool box talk not conducted before morning shift at Drilling Rig.,0,Compressor Station,Housekeeping,2024-03-27,tool box talk not conducted morning shift drilling rig
35,Lighting inadequate in Pipeline ROW during night shift. Electrician informed.,0,Pipeline ROW,Housekeeping,2024-05-06,lighting inadequate pipeline row night shift electrician informed
36,Tool box talk not conducted before morning shift at Processing Plant.,0,Workshop,Administrative,2024-08-08,tool box talk not conducted morning shift processing plant
37,Tool box talk not conducted before morning shift at Drilling Rig.,0,Pump Station,Routine Inspection,2024-05-03,tool box talk not conducted morning shift drilling rig
38,Safety signage faded near Drilling Rig. Replacement requested.,0,Drilling Rig,Housekeeping,2024-07-08,safety signage faded near drilling rig replacement requested
39,Fire extinguisher inspection overdue by 2 days at Tank Farm. Inspector notified.,0,Processing Plant,Housekeeping,2024-07-07,fire extinguisher inspection overdue day tank farm inspector notified
40,Visitor entered plant without signing gate register. Security counseled.,0,Pipeline ROW,Administrative,2024-04-06,visitor entered plant without signing gate register security counseled
41,Minor oil spill of approximately 2 liters near pump. Contained immediately.,0,Pipeline ROW,Store Management,2024-07-03,minor oil spill approximately liter near pump contained immediately
42,Tool box talk not conducted before morning shift at Pipeline ROW.,0,Pipeline ROW,Housekeeping,2024-08-31,tool box talk not conducted morning shift pipeline row
43,Fire extinguisher inspection overdue by 2 days at Drilling Rig. Inspector notified.,0,Well Site,Administrative,2024-07-11,fire extinguisher inspection overdue day drilling rig inspector notified
44,Minor oil spill of approximately 2 liters near pump. Contained immediately.,0,Drilling Rig,Documentation,2024-06-17,minor oil spill approximately liter near pump contained immediately
45,Lighting inadequate in Tank Farm during night shift. Electrician informed.,0,Workshop,Housekeeping,2024-04-09,lighting inadequate tank farm night shift electrician informed
46,Housekeeping not maintained near Well Site. Waste accumulation observed.,0,Tank Farm,Administrative,2024-06-29,housekeeping not maintained near well site waste accumulation observed
47,Minor hand tool damage reported. Wrench handle cracked. Replaced immediately.,0,Pipeline ROW,Store Management,2024-03-08,minor hand tool damage reported wrench handle cracked replaced immediately
48,Near miss: Worker slipped on wet floor near washroom. No injury. Floor marked wet.,0,Pipeline ROW,Administrative,2024-03-11,near miss worker slipped wet floor near washroom no injury floor marked wet
49,Safety signage faded near Compressor Station. Replacement requested.,0,Well Site,Store Management,2024-04-16,safety signage faded near compressor station replacement requested
50,Fire extinguisher inspection overdue by 2 days at Well Site. Inspector notified.,0,Tank Farm,Administrative,2024-02-24,fire extinguisher inspection overdue day well site inspector notified
